<?xml version="1.0" encoding="UTF-8"?>
<configuration>

    <appender name="STDOUT" class="ch.qos.logback.core.ConsoleAppender">
        <encoder>
            <pattern>
                %d{yyyy-MM-dd HH:mm:ss.SSS} %highlight(%-5level) [%-40.40logger{10}] - %msg%n
            </pattern>
        </encoder>
    </appender>


    <logger name="org.springframework" level="info" additivity="false">
        <appender-ref ref="STDOUT" />
    </logger>

    <logger name="pl.gdgrzeszow.firebasecodelab" level="info" additivity="false">
        <appender-ref ref="STDOUT" />
    </logger>

    <root level="INFO">
        <appender-ref ref="STDOUT"/>
    </root>

</configuration>